index,attempt,tier,steps,achieved,reward,demon_error,epsilon,mean_alpha
# planning=expectation
0,0,0,200,1,100000000000000000000000e-23,93782491603633388876914978027343750e-40,9999999776482582092285156250e-30,5000486635253764688968658447265625e-38
1,0,0,3000,0,0e-149,6154459551908075809478759765625e-34,9999999776482582092285156250e-30,5000486271455883979797363281250000e-38
2,0,1,3000,0,0e-149,369324069470167160034179687500e-32,9999999776482582092285156250e-30,5000486271455883979797363281250000e-38
3,0,1,3000,0,0e-149,132599045173265039920806884765625e-36,9999999776482582092285156250e-30,5000486271455883979797363281250000e-38
4,0,1,3000,0,0e-149,527306310832500457763671875e-28,9999999776482582092285156250e-30,5000486271455883979797363281250000e-38
5,0,2,3000,0,0e-149,2138548716902732849121093750e-29,9999999776482582092285156250e-30,5000486635253764688968658447265625e-38
6,0,2,3000,0,0e-149,74383467435836791992187500e-27,9999999776482582092285156250e-30,5000486635253764688968658447265625e-38
7,0,3,3000,0,0e-149,2251573838293552398681640625e-29,9999999776482582092285156250e-30,5000486635253764688968658447265625e-38
8,0,3,3000,0,0e-149,340081751346588134765625000000e-32,9999999776482582092285156250e-30,5000486635253764688968658447265625e-38
9,0,4,3000,0,0e-149,13122104108333587646484375e-26,9999999776482582092285156250e-30,5000486635253764688968658447265625e-38
10,0,4,3000,0,0e-149,361810885369777679443359375e-28,9999999776482582092285156250e-30,5000486635253764688968658447265625e-38
11,0,5,800,1,100000000000000000000000e-23,447417758405208587646484375e-28,9999999776482582092285156250e-30,5000486635253764688968658447265625e-38
12,0,5,3000,0,0e-149,55805789306759834289550781250e-31,9999999776482582092285156250e-30,5000508099328726530075073242187500e-38
# seed=4749189528387228772 side=1024 weights=16384 total_steps=34000 behavior=05f0a4a527938ec7 checksum=5c956c193079744b wall_ms=564239 steps_per_sec=60 retire_count=1537 retire_last=33992:93 imprint_distinct_abs=477;477;1;1;380;446;464;465;1;1;1
