index,attempt,tier,steps,achieved,reward,demon_error,epsilon,mean_alpha,x,y
# planning=expectation
0,0,0,200,1,100000000000000000000000e-23,28391386149451136589050292968750e-35,9999999776482582092285156250e-30,5000486635253764688968658447265625e-38,556,547
1,0,0,2385,1,100000000000000000000000e-23,23064500093460083007812500e-26,9999999776482582092285156250e-30,5000505552743561565876007080078125e-38,555,585
2,0,1,3000,0,0e-149,17738333344459533691406250e-26,9999999776482582092285156250e-30,5000530654797330498695373535156250e-38,647,705
3,0,1,3000,0,0e-149,224066083319485187530517578125e-32,9999999776482582092285156250e-30,5000529563403688371181488037109375e-38,620,726
4,0,1,1,1,100000000000000000000000e-23,12736298143863677978515625e-26,9999999776482582092285156250e-30,5000529563403688371181488037109375e-38,619,726
5,0,2,3000,0,0e-149,183254145667888224124908447265625e-36,9999999776482582092285156250e-30,5000533928978256881237030029296875e-38,476,700
6,0,2,3000,0,0e-149,10513084589547361247241497039794921875e-43,9999999776482582092285156250e-30,5000532109988853335380554199218750e-38,611,330
7,0,3,3000,0,0e-149,5276754964143037796020507812500e-34,9999999776482582092285156250e-30,5000531018595211207866668701171875e-38,574,348
8,0,3,3000,0,0e-149,37259049713611602783203125000000e-35,9999999776482582092285156250e-30,5000531018595211207866668701171875e-38,598,334
9,0,4,1,1,100000000000000000000000e-23,585947595536708831787109375e-28,9999999776482582092285156250e-30,5000531018595211207866668701171875e-38,597,334
10,0,4,1,1,100000000000000000000000e-23,17135787010192871093750000e-26,9999999776482582092285156250e-30,5000530654797330498695373535156250e-38,596,334
11,0,5,800,1,100000000000000000000000e-23,64093738794326782226562500e-27,9999999776482582092285156250e-30,5000883902539499104022979736328125e-38,491,555
12,0,5,3000,0,0e-149,45366623089648783206939697265625e-35,9999999776482582092285156250e-30,5000940291211009025573730468750000e-38,523,302
0,0,0,200,1,100000000000000000000000e-23,15281285345554351806640625e-26,9999999776482582092285156250e-30,5000938472221605479717254638671875e-38,539,306
1,0,0,1,1,100000000000000000000000e-23,24327959120273590087890625e-26,9999999776482582092285156250e-30,5000938472221605479717254638671875e-38,540,306
2,0,1,3000,0,0e-149,5003461774322204291820526123046875e-38,9999999776482582092285156250e-30,5001002136850729584693908691406250e-38,639,108
3,0,1,3000,0,0e-149,64770966768264770507812500e-27,9999999776482582092285156250e-30,5000995588488876819610595703125000e-38,593,175
4,0,1,1,1,100000000000000000000000e-23,478999465703964233398437500e-28,9999999776482582092285156250e-30,5000995588488876819610595703125000e-38,593,174
5,0,2,351,1,100000000000000000000000e-23,3059427440166473388671875e-25,9999999776482582092285156250e-30,4992180765839293599128723144531250e-38,588,54
6,0,2,3000,0,0e-149,515942573547363281250000000e-28,9999999776482582092285156250e-30,4993045149603858590126037597656250e-38,618,93
7,0,3,3000,0,0e-149,17135237157344818115234375e-26,9999999776482582092285156250e-30,4993196125724352896213531494140625e-38,602,110
8,0,3,1,1,100000000000000000000000e-23,73159143328666687011718750e-27,9999999776482582092285156250e-30,4993196125724352896213531494140625e-38,601,110
9,0,4,1,1,100000000000000000000000e-23,807762563228607177734375e-24,9999999776482582092285156250e-30,4993196125724352896213531494140625e-38,601,110
10,0,4,1,1,100000000000000000000000e-23,20036220550537109375000000e-26,9999999776482582092285156250e-30,4993196125724352896213531494140625e-38,601,110
11,0,5,800,1,100000000000000000000000e-23,4573267996311187744140625e-25,9999999776482582092285156250e-30,4993975744582712650299072265625000e-38,617,85
12,0,5,1,1,100000000000000000000000e-23,4094403088092803955078125e-25,9999999776482582092285156250e-30,4993975744582712650299072265625000e-38,618,85
0,0,0,200,1,100000000000000000000000e-23,122824102640151977539062500e-27,9999999776482582092285156250e-30,4993974289391189813613891601562500e-38,761,87
1,0,0,1,1,100000000000000000000000e-23,2651095688343048095703125e-25,9999999776482582092285156250e-30,4993974289391189813613891601562500e-38,761,87
2,0,1,1,1,100000000000000000000000e-23,20031777024269104003906250e-26,9999999776482582092285156250e-30,4993974289391189813613891601562500e-38,761,87
3,0,1,3000,0,0e-149,103468127548694610595703125e-27,9999999776482582092285156250e-30,4993595575797371566295623779296875e-38,840,108
4,0,1,1,1,100000000000000000000000e-23,12914273142814636230468750e-26,9999999776482582092285156250e-30,4993574111722409725189208984375000e-38,840,108
5,0,2,1,1,100000000000000000000000e-23,3738183081150054931640625e-25,9999999776482582092285156250e-30,4992936010239645838737487792968750e-38,839,108
6,0,2,3000,0,0e-149,23040671294438652694225311279296875e-39,9999999776482582092285156250e-30,4988716682419180870056152343750000e-38,859,25
7,0,3,3000,0,0e-149,2477771043777465820312500000e-29,9999999776482582092285156250e-30,4988776709069497883319854736328125e-38,852,39
8,0,3,1,1,100000000000000000000000e-23,64019843935966491699218750e-27,9999999776482582092285156250e-30,4988776709069497883319854736328125e-38,852,39
9,0,4,1,1,100000000000000000000000e-23,21315345168113708496093750e-26,9999999776482582092285156250e-30,4988774162484332919120788574218750e-38,852,40
10,0,4,1,1,100000000000000000000000e-23,22907465696334838867187500e-26,9999999776482582092285156250e-30,4988770160707645118236541748046875e-38,852,41
11,0,5,800,1,100000000000000000000000e-23,2796615064144134521484375e-25,9999999776482582092285156250e-30,4989824083168059587478637695312500e-38,910,356
12,0,5,1,1,100000000000000000000000e-23,3464493453502655029296875e-25,9999999776482582092285156250e-30,4988790169591084122657775878906250e-38,910,357
0,0,0,200,1,100000000000000000000000e-23,16943141818046569824218750e-26,9999999776482582092285156250e-30,4988086584489792585372924804687500e-38,911,364
1,0,0,1,1,100000000000000000000000e-23,2751755416393280029296875e-25,9999999776482582092285156250e-30,4988168075215071439743041992187500e-38,911,364
2,0,1,1,1,100000000000000000000000e-23,20282736420631408691406250e-26,9999999776482582092285156250e-30,4988231376046314835548400878906250e-38,911,364
3,0,1,3000,0,0e-149,11229136958718299865722656250e-30,9999999776482582092285156250e-30,4981029633199796080589294433593750e-38,935,377
4,0,1,1,1,100000000000000000000000e-23,577478297054767608642578125e-28,9999999776482582092285156250e-30,4981029633199796080589294433593750e-38,935,378
5,0,2,1,1,100000000000000000000000e-23,3015963733196258544921875e-25,9999999776482582092285156250e-30,4980981248081661760807037353515625e-38,935,379
6,0,2,3000,0,0e-149,108906497189309448003768920898437500e-40,9999999776482582092285156250e-30,4981115125701762735843658447265625e-38,977,368
7,0,3,3000,0,0e-149,1572277955710887908935546875e-29,9999999776482582092285156250e-30,4981136953574605286121368408203125e-38,933,349
8,0,3,1,1,100000000000000000000000e-23,90126313269138336181640625e-27,9999999776482582092285156250e-30,4981136953574605286121368408203125e-38,933,349
9,0,4,1,1,100000000000000000000000e-23,22376456856727600097656250e-26,9999999776482582092285156250e-30,4981136953574605286121368408203125e-38,932,349
10,0,4,1,1,100000000000000000000000e-23,23780213296413421630859375e-26,9999999776482582092285156250e-30,4981136953574605286121368408203125e-38,931,349
11,0,5,800,1,100000000000000000000000e-23,12597578763961791992187500e-26,9999999776482582092285156250e-30,4981135862180963158607482910156250e-38,691,349
12,0,5,1,1,100000000000000000000000e-23,2734006643295288085937500e-25,9999999776482582092285156250e-30,4981135862180963158607482910156250e-38,691,349
# baseline cycle=0 index=0 attempt=0 steps=200 achieved=1 x=552 y=541
# baseline cycle=0 index=1 attempt=0 steps=202 achieved=1 x=557 y=558
# baseline cycle=0 index=2 attempt=0 steps=3000 achieved=0 x=531 y=545
# baseline cycle=0 index=3 attempt=0 steps=3000 achieved=0 x=562 y=574
# baseline cycle=0 index=4 attempt=0 steps=1 achieved=1 x=561 y=574
# baseline cycle=0 index=5 attempt=0 steps=527 achieved=1 x=577 y=582
# baseline cycle=0 index=6 attempt=0 steps=3000 achieved=0 x=527 y=592
# baseline cycle=0 index=7 attempt=0 steps=3000 achieved=0 x=538 y=598
# baseline cycle=0 index=8 attempt=0 steps=1 achieved=1 x=538 y=599
# baseline cycle=0 index=9 attempt=0 steps=1 achieved=1 x=538 y=599
# baseline cycle=0 index=10 attempt=0 steps=1 achieved=1 x=537 y=599
# baseline cycle=0 index=11 attempt=0 steps=800 achieved=1 x=553 y=603
# baseline cycle=0 index=12 attempt=0 steps=3000 achieved=0 x=547 y=579
# baseline cycle=1 index=0 attempt=0 steps=200 achieved=1 x=551 y=579
# baseline cycle=1 index=1 attempt=0 steps=1 achieved=1 x=551 y=579
# baseline cycle=1 index=2 attempt=0 steps=1 achieved=1 x=551 y=579
# baseline cycle=1 index=3 attempt=0 steps=3000 achieved=0 x=544 y=545
# baseline cycle=1 index=4 attempt=0 steps=1 achieved=1 x=544 y=545
# baseline cycle=1 index=5 attempt=0 steps=1 achieved=1 x=544 y=545
# baseline cycle=1 index=6 attempt=0 steps=3000 achieved=0 x=582 y=518
# baseline cycle=1 index=7 attempt=0 steps=3000 achieved=0 x=624 y=533
# baseline cycle=1 index=8 attempt=0 steps=1 achieved=1 x=623 y=533
# baseline cycle=1 index=9 attempt=0 steps=1 achieved=1 x=623 y=533
# baseline cycle=1 index=10 attempt=0 steps=1 achieved=1 x=623 y=533
# baseline cycle=1 index=11 attempt=0 steps=800 achieved=1 x=626 y=543
# baseline cycle=1 index=12 attempt=0 steps=3000 achieved=0 x=615 y=509
# baseline cycle=2 index=0 attempt=0 steps=200 achieved=1 x=611 y=510
# baseline cycle=2 index=1 attempt=0 steps=1 achieved=1 x=611 y=511
# baseline cycle=2 index=2 attempt=0 steps=1 achieved=1 x=611 y=511
# baseline cycle=2 index=3 attempt=0 steps=3000 achieved=0 x=584 y=463
# baseline cycle=2 index=4 attempt=0 steps=1 achieved=1 x=585 y=463
# baseline cycle=2 index=5 attempt=0 steps=1 achieved=1 x=585 y=463
# baseline cycle=2 index=6 attempt=0 steps=3000 achieved=0 x=581 y=474
# baseline cycle=2 index=7 attempt=0 steps=3000 achieved=0 x=597 y=503
# baseline cycle=2 index=8 attempt=0 steps=1 achieved=1 x=598 y=503
# baseline cycle=2 index=9 attempt=0 steps=1 achieved=1 x=599 y=503
# baseline cycle=2 index=10 attempt=0 steps=1 achieved=1 x=599 y=503
# baseline cycle=2 index=11 attempt=0 steps=800 achieved=1 x=597 y=471
# baseline cycle=2 index=12 attempt=0 steps=3000 achieved=0 x=617 y=510
# baseline cycle=3 index=0 attempt=0 steps=200 achieved=1 x=616 y=503
# baseline cycle=3 index=1 attempt=0 steps=1 achieved=1 x=616 y=504
# baseline cycle=3 index=2 attempt=0 steps=1 achieved=1 x=616 y=504
# baseline cycle=3 index=3 attempt=0 steps=3000 achieved=0 x=636 y=490
# baseline cycle=3 index=4 attempt=0 steps=1 achieved=1 x=636 y=489
# baseline cycle=3 index=5 attempt=0 steps=1 achieved=1 x=636 y=488
# baseline cycle=3 index=6 attempt=0 steps=3000 achieved=0 x=631 y=460
# baseline cycle=3 index=7 attempt=0 steps=3000 achieved=0 x=599 y=470
# baseline cycle=3 index=8 attempt=0 steps=1 achieved=1 x=599 y=470
# baseline cycle=3 index=9 attempt=0 steps=1 achieved=1 x=599 y=470
# baseline cycle=3 index=10 attempt=0 steps=1 achieved=1 x=599 y=470
# baseline cycle=3 index=11 attempt=0 steps=800 achieved=1 x=599 y=471
# baseline cycle=3 index=12 attempt=0 steps=3000 achieved=0 x=601 y=499
# seed=8475637654084313318 side=1024 weights=16384 total_steps=57761 behavior=23ad5d7527e959fd checksum=028d5942018bc1e1 wall_ms=1112335 steps_per_sec=51 retire_count=2629 retire_last=57759:254 imprint_distinct_abs=486;486;485;485;479;482;486;486;486;471;471
